sample_id,data_category,strategy,generated_subject,reference_subject,manual_format_ok,manual_faithful,manual_complete,manual_concise,manual_oversegmentation,manual_omission,manual_hallucination,notes
atomic_simple:eb8a30b8079b8d73,atomic_simple,G0,,test(engine): added signal events deployment tests,,,,,,,,
atomic_simple:eb8a30b8079b8d73,atomic_simple,G1,,test(engine): added signal events deployment tests,,,,,,,,
atomic_simple:eb8a30b8079b8d73,atomic_simple,G4,,test(engine): added signal events deployment tests,,,,,,,,
hard_b:3366abdb796ceefc,hard_b,G0,,MONGOID 5731 Add Criteria#eager_load method to use aggregation pipeline for eager loading (#6081),,,,,,,,
hard_b:3366abdb796ceefc,hard_b,G1,,MONGOID 5731 Add Criteria#eager_load method to use aggregation pipeline for eager loading (#6081),,,,,,,,
hard_b:3366abdb796ceefc,hard_b,G4,,MONGOID 5731 Add Criteria#eager_load method to use aggregation pipeline for eager loading (#6081),,,,,,,,
synthetic_multi:badb1a0475c1b9b1,synthetic_multi,G0,,fix: correct doc paths and test greaterThanOrEqual,,,,,,,,
synthetic_multi:badb1a0475c1b9b1,synthetic_multi,G1,,fix: correct doc paths and test greaterThanOrEqual,,,,,,,,
synthetic_multi:badb1a0475c1b9b1,synthetic_multi,G4,,fix: correct doc paths and test greaterThanOrEqual,,,,,,,,
synthetic_multi:badb1a0475c1b9b1,synthetic_multi,G5,,fix: correct doc paths and test greaterThanOrEqual,,,,,,,,
M_real_multi:7da239a00c1c6f17,M_real_multi,G0,,Improve ABI stability for 7.0.0 and optimize rendering performance (#1271),,,,,,,,
M_real_multi:7da239a00c1c6f17,M_real_multi,G1,,Improve ABI stability for 7.0.0 and optimize rendering performance (#1271),,,,,,,,
M_real_multi:7da239a00c1c6f17,M_real_multi,G4,,Improve ABI stability for 7.0.0 and optimize rendering performance (#1271),,,,,,,,
